fips,1998,1999,2000,2001,2002,2003,2004,2005,2006,2007,2008,2009,2010,2011,2012,2013,2014,2015,2016,2017,2018,2019,2020,2021,2022
11010,,,,,,,,,,,,,169.96559257142857,177.46419097065467,182.56709654403568,185.276859,197.75201637554588,182.53673541226215,204.5869087046632,190.5876445685279,202.80555903128152,214.63779380081297,208.0143857,222.0538062984496,231.04836409523807
11020,,,,,,,,,,,,,432.21416422857135,423.5628879232506,400.3960745819398,393.3503226019845,400.22588493449786,458.9994967230444,455.19871150259064,445.22193370558375,475.24528072653885,479.4628553861788,481.4125279,523.7818584302325,569.0937170476191
11030,,,,,,,,,,,,,44.149815839999995,44.45166697516931,44.08231046822742,44.31127105843439,44.81645299126638,58.80977577167019,62.166961658031084,65.77259970558376,66.46326045408678,68.69423168699186,68.23502434,71.30945960271316,77.57660536190475
11040,,,,,,,,,,,,,28.081423485714286,30.53005536117382,32.42688375696767,33.73289221609702,35.38863604803494,38.18470338266384,40.50358097409326,42.43959782741116,43.03261949545913,45.702113445121945,47.0359216,53.985658682170545,56.77453313333333
11050,,,,,,,,,,,,,16.650384799999998,16.31602461625282,16.487224648829432,16.66763947,16.644173657205243,18.606539059196617,19.502903108808287,19.704913289340098,19.970815610494448,20.92680844512195,21.2745917,21.384003856589146,22.72313278095238
11060,,,,,,,,,,,,,18.332165657142856,18.699317076749434,19.614029632107023,19.651284046306504,19.676698340611356,23.033207716701902,24.198636020725388,24.826474873096444,25.044020988900098,24.836686920731704,25.22918471,25.894870368217052,25.433118266666668
11070,,,,,,,,,,,,,9.513548125714285,9.561788441309256,10.127899164994426,10.350155050716648,10.214055601528386,10.492733904862579,10.900836839378238,11.316633827411167,11.787240595358224,12.949875233739835,13.23716373,13.429977393410852,13.069009914285713
11080,,,,,,,,,,,,,11.11058856,11.400983645598195,11.909913400222965,12.273121786108046,12.218327620087337,12.844612272727273,13.31079345,14.045205329949239,14.14151648839556,14.232293678861787,14.34676646,14.479698643410853,14.295220457142857
11090,,,,,,,,,,,,,11.620929737142855,10.138161906320544,9.859120781493868,9.096002809,9.002368656113537,9.434944824524313,9.745886035,10.088988731979693,10.672242986881937,11.256594420731705,11.60583337,12.116224893410852,13.365064228571427
11100,,,,,,,,,,,,,8.039039814857142,8.275270809,8.402504965440357,8.544512801543549,8.840730236899564,9.576452189,9.875425666321243,10.042583335025379,10.510973501513622,10.829727184959347,11.52994401,11.478313837209301,11.158654685714286
11110,,,,,,,,,,,,,9.289117727999999,9.819472896162528,9.707611336677816,9.813248378169789,10.118205764192142,10.770105,11.140400735751294,12.225190395939086,12.49454049445005,13.176516077235771,13.29294103,13.912433701550386,13.962473009523809
11120,,,,,,,,,,,,,8.246584267428572,7.717626509029347,7.5772191460423635,8.014036262403527,8.038971997816594,9.412683189,9.701988094300518,10.241912436548223,10.628973259334005,11.189332804878047,11.70353767,11.643695600775192,11.800706123809523
11130,,,,,,,,,,,,,20.39738409142857,22.726550891647857,25.128604838350057,25.003905788313116,25.308994847161575,24.612139122621564,26.00941479792746,26.190722081218272,27.03516861755802,28.386014613821132,26.89010581,28.54191574612403,27.284507866666665
11140,,,,,,,,,,,,,35.30289841142857,39.50794422121896,42.98850309921963,46.56795646085997,48.034807041484726,47.793176384778015,50.23475720207254,51.309974761421316,54.76872320887992,56.13591984756097,56.4957837,59.86569407945736,60.51487724761904
11150,,,,,,,,,,,,,13.23282610285714,13.436607189616254,13.68511193979933,13.293509360529216,13.626730687772927,13.902613446088795,14.262623316062173,15.001190832487309,15.951958678102926,16.362370873983735,16.42783615,17.017687248062014,17.901956266666666
11160,,,,,,,,,,,,,15.035516537142858,15.851600553047406,15.935081248606467,17.289209889746413,16.973152347161573,20.740533964059196,22.31398875647668,27.674577421319796,29.081427658930373,29.918365630081297,29.20114963,31.063747189922477,34.78783241904762
11170,,,,,,,,,,,,,29.508726457142856,29.153608600451467,29.88190894091416,29.96935614112458,29.458590393013104,31.906806627906978,34.07124615544041,35.94119020304568,39.02771926337033,40.80006262195121,38.19334929,39.37274382751937,41.74181529523809
11180,,,,,,,,,,,,,57.870343428571424,63.00620214446953,66.50478467112598,66.51953380374862,65.166784,66.40983475687104,74.44726331606216,81.10045522,85.04679876892028,88.40853597560975,81.64579063,82.36907246124031,87.23477661904761
11190,,,,,,,,,,,,,72.94309248,78.23232360045147,77.74005424749163,80.10199219404629,80.50228482532751,85.69390058139534,85.54285548186529,88.77938855837563,98.00386919273461,102.96818739837397,109.9981053,122.3513597868217,126.89404409523809
11200,,,,,,,,,,,,,16.351973405714286,16.33829900677201,16.267586923076923,15.620907706725468,14.990995665938867,14.95951310782241,15.82642568911917,16.743404040609136,17.02107559031281,17.09326838414634,18.29712949,18.29578766472868,19.055096038095236
11210,,,,,,,,,,,,,10.392536850285714,10.798431319413094,10.993848236343368,11.288899095920616,11.70895594978166,10.851700750528542,12.523227461139895,10.872836497461929,10.883189273461149,11.353298506097559,11.84723872,12.162615436046512,12.688405323809524
11220,,,,,,,,,,,,,64.4642936,66.95488553047404,70.10454801560758,69.51737963,69.52323633187773,71.03872379,77.66646951295336,78.42169497461929,84.79495309788092,88.12729378048779,89.08688012,95.67685744186046,94.81313535238094
11230,,,,,,,,,,,,,93.68455032,99.35516618510158,100.85185166109252,105.26691398015434,108.55853622270743,126.03550105708246,126.25310207253885,133.05989025380708,145.3726576185671,155.60506544715446,154.48737,161.47201763565891,162.06023285714284
11240,,,,,,,,,,,,,29.3337108,30.494297494356662,31.908871471571906,33.53204677,35.88981722707424,36.82686568710359,37.991621440414505,41.00676218274111,41.57159271442986,42.53777816,45.63997545,47.953801967054254,48.82712540952381
11250,,,,,,,,,,,,,14.772096171428572,15.69191321670429,17.571811282051282,16.630587001102533,16.798295971615723,17.952959503171247,19.276338331606215,21.47176132994924,22.42681343,23.270508922764225,21.68388591,21.05804937984496,21.380786466666663
21010,,,,,,,,58.80251563380282,60.82210282051283,65.13241143929912,70.74645405832321,70.40852724,71.12987801142857,66.90726189616252,64.64423287,68.70795119073868,70.90688086244542,63.95092734672304,65.27630948186528,91.03555457868019,89.30051501513623,95.98120149390243,95.03689521,106.70222509689923,111.71232523809523
21020,,,,,,,,15.407692791293217,15.037567666666668,15.724741652065083,18.141172673147025,17.622622526439486,19.227274788571425,21.049417821670428,21.377790535117057,20.776288699007715,19.91069875545852,20.90070320295983,20.558160787564763,27.960857258883248,28.77983564,29.59351020325203,28.89552874,32.241327238372094,32.94165951428571
21030,,,,,,,,43.97077501920615,46.763255294871804,49.783592277847305,55.88059995139733,50.01634329024678,46.888654342857144,44.07332319413093,44.730584448160535,47.583382260198455,49.506381441048035,54.05642201902749,56.59548587564767,56.383767949238575,57.071274480322906,58.32388136178861,51.39133418,52.447723556201545,62.78018088571429
21040,,,,,,,,12.101620568501923,13.182754076923077,13.19601593241552,17.588235722964765,16.963543678025854,11.216999842285714,14.854118036117383,12.742188160535116,14.128371289966923,13.078379825327513,13.495156501057082,15.869194953367874,20.779318771573603,24.273225953582237,23.598358404471544,25.92650562,26.23034286821705,30.957294485714286
21050,,,,,,,,15.77774062740077,17.241587397435897,17.78123653316646,17.98174886998785,18.55046524089307,18.997978182857143,22.30894735891648,22.10004109253066,21.37243781697905,21.918243155021838,20.982376923890065,21.882534020725387,28.921758954314722,30.574552522704337,32.54194926829268,31.66803099,32.73707435077519,34.51926258095238
21060,,,,,,,,11.124671106274008,11.457111034615385,11.092999878598247,11.833134592952613,11.43979028907168,12.577276651428571,12.152763555304741,12.351968026755852,12.998481819184121,13.205369868995634,12.31668799154334,12.543489678756476,15.212732609137054,15.803519031281532,15.636687123983737,15.77433378,16.15280949612403,16.23762711428571
21070,,,,,,,,15.567227413572345,15.32403176923077,16.8567,18.902562904009724,14.759519917743834,15.394200479999999,14.252309243792325,15.049847525083612,15.915067144432191,16.403623100436683,19.118950761099367,21.19672226943005,21.56019330964467,20.831643592330977,20.973946595528453,23.45319743,30.29435839147287,32.541818276190476
21080,,,,,,,,6.436849052496799,6.710452865384616,7.1763141226533165,7.257038545565007,7.646215868,7.866342473142856,8.086299044018059,9.280656712374581,8.615879728776184,9.185538891921398,8.530366405919663,8.217700563730569,9.651212041624364,10.341025126135216,10.838129166666665,11.2807235,11.702805939922479,11.619182866666666
21090,,,,,,,,12.676321851472473,12.376484632051282,11.955881484355446,12.201537606318348,12.277369600470037,13.865308297142855,14.57069670428894,14.82356872909699,15.089720738699006,16.25472494541485,15.679640528541226,15.99294023834197,21.966433786802032,23.63333335015136,25.77580933943089,24.46342209,25.580082296511627,27.334619885714282
21100,,,,,,,,16.365113252240718,17.654800012820512,18.292863041301626,17.39700419198056,16.522522961222094,18.75985042285714,18.64494609480813,18.71106005574136,19.551764906284454,19.81977518558952,18.782986437632136,18.76865320207254,21.627032842639593,22.37753442986882,23.594237184959347,23.06604503,24.086745155038756,24.52924259047619
21110,,,,,,,,12.87517049,13.615036230769233,13.74687436795995,15.957378189550427,16.121765875440662,18.81036034285714,18.829585462753954,18.114106454849498,18.009861025358322,19.733038722707423,19.115659566596197,19.18354046632124,18.585737035532993,18.118698113017153,18.906502164634144,19.05385402,20.064477848837207,21.414956514285716
21120,,,,,,,,115.61218472471192,129.36960564102566,156.82943867334168,161.1342716889429,136.4934391304348,126.03210708571427,147.65453115124157,151.91293511705686,154.59384961411243,145.32864508733627,145.07062230443975,119.7642829015544,116.258851,116.12912643794148,120.02459522357722,101.9001355,112.9293687984496,126.69606133333333
21130,,,,,,,,21.050672599231756,20.536813205128205,21.771446833541926,22.713602053462942,23.726106780258522,20.03633891428571,20.500232065462754,23.446133166109252,24.726756383682467,26.427252227074238,28.370110877378433,30.089010943005178,33.24133805076142,34.14116190716448,34.646038912601625,32.68515039,31.529142403100778,34.106646866666665
21140,,,,,,,,11.037711737516005,11.605161891025642,12.095519167709638,11.56503680558931,11.593214887191541,9.503401398857141,10.515724400677202,10.607864855072464,11.011663048511576,11.614391986899564,13.39500642706131,15.045427367875646,15.377668294416244,15.837715499495458,17.432333790650407,17.31938336,17.665742248062013,18.377526542857144
21150,,,,,,,,22.556310179257366,24.15336655128205,25.535031639549434,25.468829428918596,27.440996627497068,32.20016610285714,28.339001478555307,27.300961783723523,27.636008599779487,28.08369300218341,28.141799164904864,28.50608941968912,31.73114231472081,32.547005005045406,32.69376052845528,31.68286247,34.106114631782944,35.75054871428571
21510,,,,,,,,33.89518081946223,34.78089712820513,38.62776374217772,38.70740687727825,35.89800639247944,27.015677691428568,29.846154683972916,28.527037157190634,26.90051972436604,28.380244454148475,30.84084818181818,34.23946578238342,30.04658748,33.073097023208874,34.35862727642276,36.3309519,33.37425393410852,28.78493500952381
22010,,,,,,,,45.33127877080666,46.81787419,48.15344911138924,50.04762290400972,48.287587544065815,55.394993382857145,59.479191839729125,60.981442508361205,57.26229505,59.45439060043668,65.67438224,66.68056817616579,67.33822006,68.96126421796166,70.54995109756096,75.8286151,84.52522062015504,78.47709774285714
22020,,,,,,,,11.192252128040975,12.238349641025643,12.826817809762204,12.89739277035237,13.356402408930672,12.45283897142857,14.17531354401806,14.865031839464883,15.901626593164275,15.52749516375546,19.27294521141649,18.48225188601036,20.59258644670051,20.212933420787085,22.56717726626016,23.92910915,23.614714796511628,23.43842539047619
22030,,,,,,,,12.041582107554419,13.141557282051284,13.453413792240301,13.330906597812879,13.118868354876618,14.493655897142855,18.49799722,19.276621928651057,16.93484985667034,17.77315055676856,16.45119584566596,17.612108145077716,18.401559878172588,19.233648910191725,20.82601333333333,25.27315173,28.352181472868217,32.43791278095238
22040,,,,,,,,10.84873238412292,11.233968942307692,11.285188376720901,11.187559565006076,11.16872135252644,13.056397017142856,13.417471320541763,13.816212129319954,15.394503958103636,14.048321692139739,15.356585063424946,15.789235730569947,18.129271664974617,19.759097114026236,22.08692533536585,24.26256888,24.227371230620154,24.334070571428573
22050,,,,,,,,13.20255596670935,13.588174000000002,14.410829962453066,13.746029623329283,13.72785829612221,19.106349885714284,19.057617595936797,19.503496532887404,20.42288715545755,21.61645016375546,23.349690105708245,23.195179409326425,23.478977065989845,24.943051523713418,24.56166452235772,24.60077045,23.125232994186046,24.012040019047618
22060,,,,,,,,12.105190848911652,12.840933153846155,13.713792127659575,13.068316330498178,12.222108155111634,13.185096948571429,13.438994932279911,13.87531772575251,15.026330485115764,15.219558569868997,16.274803403805496,17.224905606217614,17.02316059898477,17.99398167507568,19.287556321138208,22.78012745,24.33487391472868,25.39880241904762
22070,,,,,,,,15.264153213828425,16.971005320512823,16.980447459324157,17.38038894289186,16.32138506462985,17.55775169142857,17.559686478555307,18.6467259,19.394403307607494,19.256183537117906,19.319826670190274,19.744310683937822,20.001737624365482,20.44872382441978,21.598428231707317,23.00148578,24.433439893410853,26.569622914285713
22510,,,,,,,,24.25095367477593,23.5051859,26.180750475594493,23.062266986634267,22.328329036427732,26.206819005714284,30.953717246049663,28.54390226309922,29.64508570011025,34.75949068,39.03080631078224,35.286330031088085,30.605056324873093,30.568011927346113,29.447514796747964,28.50969195,31.931191201550387,34.316385238095236
22520,,,16.028423116691286,14.391086333808845,16.58514404432133,16.861036951871657,18.360887797927457,18.22729724711908,19.032362820512823,20.04711972465582,21.031664665856624,22.353126451233848,21.963130662857143,23.681614367945826,27.47848680044593,27.671359669239244,27.221617980349347,29.19551670190275,31.498500642487045,34.10358348,34.498664742684156,34.22520254,36.41868765,42.05814882751938,36.43240706666666
23010,,,,,,,,99.19280084507042,107.15106657692309,119.40374961201502,106.9703537910085,112.01081361927146,123.64886274285713,133.27655722347632,120.98805507246378,109.40559207276735,112.12817150655023,121.43214016913319,128.99904901554402,126.80059279187817,122.99906417759838,113.0210951219512,94.57493434,108.0452160852713,128.77364238095237
23020,,,,,,,,29.712215262483998,33.774927076923085,36.61277503128911,36.06079962332929,29.413045088131614,43.50074689142857,52.59738255079007,49.371238617614274,45.913064123484006,49.606318111353715,49.79665172304439,49.87783916062176,54.48647261928933,57.47935730575176,61.922354674796736,63.68245339,73.57463613372093,73.03850993333333
23040,,,,,,,,8.186461449423817,8.639552519,9.695899359198998,11.173325239368166,11.396710600470037,17.225873188571427,22.779798961625282,19.349494604236344,19.39791201764057,19.956111080786027,31.495124471458773,31.609410362694298,33.236457959390854,35.40428087790111,36.17551537601626,33.56785392,34.98224308139535,41.32339618095238
23050,,,,,,,,31.128606696542896,31.11548361538462,31.199777634543178,29.249286087484816,28.564626756756763,30.226994217142856,28.06562642,27.91684071348941,31.220707971334065,32.73825191048035,31.92996127906977,32.332005512953366,32.785243918781724,32.535408890010096,33.79401947154471,33.43010808,34.847531802325584,35.730405485714286
23060,,,,,,,,13.166789078104994,14.42768158974359,16.77550220275344,16.072094835965977,15.447999635722681,17.114946914285714,15.923789638826186,16.61898309921962,17.341568235942667,18.458090480349348,20.57555375264271,21.824015243523313,22.01719031472081,22.294801584258323,22.741106880081297,23.76202618,23.416543265503876,24.03684455238095
23070,,,,,,,,9.884563868117798,11.060376082051283,11.261931829787235,9.856350602673148,11.379650209165689,13.24663137142857,10.214745428893906,11.833652173913045,11.017799768467473,11.874731222707425,13.785416649048624,14.174411554404143,15.032667015228425,15.713704914228051,17.875263150406504,17.81945409,18.334046666666666,18.655174371428572
23080,,,,,,,,23.507234379001282,24.33162457692308,24.739938397997495,25.41521527339004,25.309332502937725,29.356656239999996,29.510707776523706,26.34660100334448,26.294082965821385,27.501842532751095,33.12698223044397,35.242556849740936,36.405867827411164,34.84238599394551,34.882406544715444,35.83568002,39.12584923449612,37.23106280952381
23090,,,,,,,,11.491376043533933,13.034663923076925,12.78889648310388,12.277742588092346,13.59903819036428,15.697695954285713,12.751299288939054,14.409839531772576,14.352358632855566,15.389795251091703,17.779165412262156,17.300419792746112,17.61937703553299,17.984914490413722,18.892583191056907,19.75954821,20.200612296511625,20.17845238095238
23510,,,,,,,,21.749596709346992,23.684972743589743,24.258820050062578,26.024792393681654,25.34537284371328,27.86993323428571,25.901987200902937,26.872960468227422,27.05821352,28.636344825327512,20.16706548625793,21.01668986528497,21.76187921827411,24.73030908173562,25.860455538617884,30.5135471,25.60368024224806,24.49157936190476
23520,,,,,,,,17.573088309859155,17.744332961538465,19.200531877346684,18.359844386391252,19.58478069,25.927591805714286,18.39326540632054,21.000798717948715,16.841823450937152,17.922059268558954,29.433306575052853,32.19696060103627,32.57940634517767,32.84916981836528,35.451004857723575,46.74651674,41.818955930232555,41.31969422857142
24010,,,,,,,,23.22452758002561,24.17903812820513,23.95900903629537,23.784770461725397,24.18667462984724,28.831065874285713,29.059715925507902,30.657040590858415,30.599564751929435,32.88911167030568,34.09333820295983,37.54891032124352,39.26090247715736,42.335974823410695,40.02296107723577,38.29126214,38.80000606589147,37.89637015238095
24020,,,,,,,,18.998710473751604,20.869837333333336,21.47001697121402,21.84882928311057,21.75789774383079,23.224831839999997,23.856470169300227,24.15409983277592,24.842159614112457,26.892151266375546,33.335167980972514,34.7944669,34.69851570558375,35.828455993945504,38.28220545731707,38.25066425,38.33987014534883,40.71305713333333
24030,,,,,,,,8.684020705505763,9.104220674358976,9.150005326658322,10.046574206561361,10.045192478260871,11.848475771428571,11.775741546275396,12.381795964325528,12.628448908489524,13.839605294759826,13.926814619450317,14.465892829015543,14.917213106598984,15.971365469223006,16.659843749999997,16.74618206,17.249419476744187,16.958312847619045
24040,,,,,,,,15.010042458386685,15.192746410256412,15.05402381727159,14.555163912515189,14.330673019976501,17.81647472,18.565724638826186,19.15690276477146,20.232786923925023,20.736812816593886,21.644885623678647,22.62461207253886,23.54549058,24.241320191725528,26.165378130081297,26.86486336,26.860576104651162,27.66314300952381
24050,,,,,,,,22.595666286811785,25.281244423076924,26.430411802252816,25.27182506682868,23.11173532314924,30.075266457142856,28.913705553047407,28.842418350055745,29.88172524,30.35359109170306,32.66413345,33.076344476683936,33.86031270050761,34.44169792129162,36.18246733739837,37.38432217,38.435969360465116,39.47162341904762
25010,,,10.14690916395864,9.999125900142653,11.761469890581717,11.008101489304812,12.619720851036268,11.452865851472474,12.359741083333336,12.631445594493115,12.163635358444715,12.230076980023503,11.130933004571427,11.168826992099323,11.30808552954292,11.447413583241453,11.862499050218343,13.510777325581396,14.626593326424869,14.799153309644668,15.432548617558021,16.52044451219512,18.16669731,17.993656075581395,19.171633866666667
25020,,,13.731182711964548,14.97374242510699,14.218243102493073,14.88732820855615,14.621931852331606,15.060314340588992,15.189315500000003,15.497388535669588,16.409457363304984,16.58523398354877,16.843225028571428,18.00132677200903,19.040189175027873,17.672686372657108,18.002146408296944,17.765328044397464,18.881933865284974,19.32073093401015,20.240803763874876,21.493289867886176,22.89065591,24.102464835271316,24.14285379047619
25030,,,10.263189292466764,11.007591437945793,12.249284736842103,13.674665815508023,12.993464443005182,12.938702202304738,14.156960000000002,15.374041877346684,15.405730607533416,15.245470387779086,17.541908765714286,18.503965225733637,19.070383701226312,19.542757398015432,19.707153231441048,22.994708498942916,23.46163577202072,24.458407928934008,25.077734944500502,26.851495752032516,28.40416213,28.731657490310074,29.45538373333333
25040,,,26.836770516986704,27.143519215406563,27.231370650969527,28.731984812834227,28.16210681,29.191946427656852,28.203831025641026,27.90213936170213,28.09942641555286,27.670183748531144,32.33854604571428,33.54553586907449,32.92950437012263,32.70505491730981,34.03816787117904,36.12079100422833,37.13818,37.86854070050761,39.16826671039354,40.78137282520325,42.23689705,44.85776458333333,45.342298885714285
25050,,,23.063882732644018,20.936931683309556,23.761252049861497,23.36304137700535,25.47241120466321,26.465213060179263,26.355405910256415,27.46824105131414,27.860244945321995,29.176026886016455,31.104233565714285,33.15141133182844,34.01969828316611,34.79865502756339,36.065967510917034,41.13476497885835,43.02795703626943,41.823367675126896,40.36548175580222,43.54350253,49.97638108,47.88082503875969,49.53397583809523
26010,,,,,,,,10.267491836107556,10.469363201282052,10.101500077596995,9.797792552855409,9.648165101,10.281347273142858,10.286069063205419,12.065642285395764,13.82084710033076,14.604964170305678,17.242622769556025,19.42504,17.984800588832485,18.670811331987892,22.137490924796747,16.5986167,16.60738636627907,19.563257933333333
26020,,,,,,,,63.31921215108835,64.37107744871795,67.09005282853568,74.75146089,59.31702608695653,68.66133785142857,81.23567347629798,83.32206085841695,75.18374038588753,73.33371246724892,87.35502427061311,89.07981139896373,92.53048391878173,93.84510178607466,90.01253887195121,83.07808126,104.79209660852713,109.02740561904761
26030,,,,,,,,44.23703636363637,50.9587014,63.645208936170214,70.43925549210206,69.07928501762633,79.67830622857143,83.22212854401808,73.35732487179487,67.57728938257992,63.249042707423584,60.96163563424947,61.33612452849741,62.517701248730965,57.665899717457116,53.74457141260162,36.44801219,33.095616579457364,35.69649813333333
26040,,,,,,,,75.12310767,76.27823371,82.17061589486859,77.35731808019442,76.90109695652176,88.34329242285713,83.12756978555306,84.55905703455964,83.03578264608598,80.40391596,61.970173128964056,59.30715053,54.04355217258883,52.42212709,65.15126521341463,65.23848704,62.13232251937985,69.69349770476191
26510,,,,,,,,68.94123642765686,69.82544707692308,70.67233674593241,74.69652281895505,71.39623658049355,82.19946553142857,86.94655667,90.27016644370123,88.13794969128995,83.13957936681224,92.40516591,91.31344096373057,91.16770864,83.98654305751765,85.14208398373982,79.09881458,99.87144282945737,100.44297714285713
29010,,,20.189369940915803,19.703134807417975,20.78321110803324,22.622609639037435,23.762524300518134,23.625813329065302,26.52070738461539,27.482181476846055,31.272138432563793,31.188239388954177,34.23875539428571,40.20438847629797,,,,,,,,,,,
31011,,,,,,,,,,,,,23.388073177142854,23.994310361173817,25.556675551839465,26.097626979051817,26.83458712882096,26.850193583509512,26.41574961658031,26.752578517766494,27.675873995963673,29.759361087398368,30.4545873,32.270798788759684,32.75358369523809
31012,,,,,,,,,,,,,23.388073177142854,23.994310361173817,25.556675551839465,26.097626979051817,26.83458712882096,26.850193583509512,26.41574961658031,26.752578517766494,27.675873995963673,29.759361087398368,30.4545873,32.270798788759684,32.75358369523809
31013,,,,,,,,,,,,,23.388073177142854,23.994310361173817,25.556675551839465,26.097626979051817,26.83458712882096,26.850193583509512,26.41574961658031,26.752578517766494,27.675873995963673,29.759361087398368,30.4545873,32.270798788759684,32.75358369523809
31014,,,,,,,,,,,,,23.388073177142854,23.994310361173817,25.556675551839465,26.097626979051817,26.83458712882096,26.850193583509512,26.41574961658031,26.752578517766494,27.675873995963673,29.759361087398368,30.4545873,32.270798788759684,32.75358369523809
31021,,,,,,,,,,,,,26.71065464,28.562285541760723,30.48856314381271,33.915806681367144,37.52636286026201,44.312565507399576,45.72724672,47.21553003045685,49.12199849,52.81573350609755,54.64452633,58.539522044573644,58.41726872380952
31022,,,,,,,,,,,,,26.71065464,28.562285541760723,30.48856314381271,33.915806681367144,37.52636286026201,44.312565507399576,45.72724672,47.21553003045685,49.12199849,52.81573350609755,54.64452633,58.539522044573644,58.41726872380952
31023,,,,,,,,,,,,,26.71065464,28.562285541760723,30.48856314381271,33.915806681367144,37.52636286026201,44.312565507399576,45.72724672,47.21553003045685,49.12199849,52.81573350609755,54.64452633,58.539522044573644,58.41726872380952
31030,,,,,,,,,,,,,11.818994662857142,12.35600564334086,13.309638717948717,13.523447122381475,12.960633700873364,14.5615028,15.69498055958549,16.876825340101522,17.773060585267405,18.112396981707317,17.28217496,16.93292223837209,17.52437923809524
31041,,,,,,,,,,,,,23.271170617142854,23.734103690744924,24.78585472686734,26.724983439911792,26.97253305676856,29.31372226215645,30.531088124352326,32.695679126903556,35.03865506559031,37.746421991869916,36.32392955,36.89239937015504,37.03544615238095
31042,,,,,,,,,,,,,23.271170617142854,23.734103690744924,24.78585472686734,26.724983439911792,26.97253305676856,29.31372226215645,30.531088124352326,32.695679126903556,35.03865506559031,37.746421991869916,36.32392955,36.89239937015504,37.03544615238095
31050,,,,,,,,,,,,,17.100219577142855,17.609469040632057,17.98932794871795,18.923725788313117,19.031074050218344,21.247661469344607,21.76683950259067,21.684599319796952,22.59696787083754,23.37048802845528,24.0511362,23.95113312015504,24.621033076190475
31060,,,,,,,,,,,,,19.781752697142856,18.347118702031604,21.50064783723523,20.96336839029768,20.14907496724891,23.883999978858352,24.576252663212436,25.736874964467003,27.998406700302723,27.490050569105687,29.52925495,31.02391653100775,34.09799986666666
31070,,,,,,,,,,,,,52.65530299428571,54.03940610609481,55.14964085841695,57.32354750826901,58.12918878820961,68.21785059196617,68.43612391709844,74.03469756345177,78.15254997981836,69.90869044715446,62.00954017,62.144839534883715,67.33270727619048
31080,,,,,,,,,,,,,16.079824239999997,15.020961851015803,16.541419977703455,21.375420937155454,19.497786386462884,22.32538847780127,21.764568279792744,21.917276832487307,20.002660232088797,20.727630182926827,20.30007525,19.801516860465114,15.79386059047619
31091,,,,,,,,,,,,,29.341041999999998,31.648140316027092,32.49157228539576,35.05705254685777,35.38401897379913,38.09736306553911,39.007328279792745,41.85909594923857,42.91903229061554,43.60073317,41.84884145,41.437921162790694,42.42107599047618
31092,,,,,,,,,,,,,29.341041999999998,31.648140316027092,32.49157228539576,35.05705254685777,35.38401897379913,38.09736306553911,39.007328279792745,41.85909594923857,42.91903229061554,43.60073317,41.84884145,41.437921162790694,42.42107599047618
31101,,,,,,,,,,,,,17.25139017142857,17.053101354401807,17.363879977703455,18.199566218302092,17.404368406113537,18.959656955602536,19.87939121243523,20.97914134010152,22.27933016145308,22.303883333333328,22.10714167,22.711711976744184,22.97762995238095
31103,,,,,,,,,,,,,17.25139017142857,17.053101354401807,17.363879977703455,18.199566218302092,17.404368406113537,18.959656955602536,19.87939121243523,20.97914134010152,22.27933016145308,22.303883333333328,22.10714167,22.711711976744184,22.97762995238095
31104,,,,,,,,,,,,,17.25139017142857,17.053101354401807,17.363879977703455,18.199566218302092,17.404368406113537,18.959656955602536,19.87939121243523,20.97914134010152,22.27933016145308,22.303883333333328,22.10714167,22.711711976744184,22.97762995238095
31110,,,,,,,,,,,,,85.68827539428571,83.65000510158015,81.72277289855072,55.15189540242557,67.26002513100437,71.26553495771671,82.77036748186528,95.29812485279186,89.68510270433904,90.99605595528453,73.53649318,65.65202893410853,75.83081486666666
31120,,,,,,,,,,,,,14.619479691428571,14.25334136568849,15.447799799331102,16.117530044101432,17.72609157,19.092724894291756,19.23727183419689,19.355970781725887,20.271853370332998,20.564456493902437,19.50461373,20.56840875,21.10105657142857
31130,,,,,,,,,,,,,12.069523657142856,12.284303916478557,13.891985451505017,13.758029151047408,13.027428384279478,14.899432980972515,15.93896234196891,16.84464863959391,17.653683895055497,18.410112571138207,19.79973953,19.488605329457364,19.246431876190478
31140,,,,,,,,,,,,,17.719138514285714,18.318673510158014,18.716624615384614,19.140823759647184,20.990874737991266,25.29993874207188,26.693105803108807,28.267673888324868,28.486450302724517,28.113306422764225,27.36214604,27.75719149224806,28.40832356190476
31150,,,,,,,,,,,,,29.657719805714283,31.23874301354402,32.439287881828314,33.906648357221606,35.58922254366813,39.721680179704016,40.91482553367875,40.941435766497456,38.844567527749746,37.52357246951219,36.8287126,37.19138837209302,37.77835091428572
31160,,,,,,,,,,,,,19.358717428571428,19.215660677200905,20.289158595317726,21.248676736493934,21.665942008733627,24.59023812896406,26.912337948186526,28.351139675126902,30.05700060544904,30.696754705284548,30.11497456,30.584395406976743,32.90459322857143
31170,,,,,,,,,,,,,18.806368754285714,20.237340869074494,17.612118751393535,17.108620407938254,18.24562860262009,22.378999778012684,21.24849104663212,24.44298964467005,27.434526044399597,27.871811361788616,27.21493941,27.803017509689923,31.66123220952381
31180,,,,,,,,,,,,,20.592131977142856,20.64394072234763,22.639416532887402,24.905914851157657,28.866863318777295,34.47512416490486,28.353277253886006,27.192673776649745,28.213955469223006,28.628662926829264,28.49631286,27.633411947674418,26.956471066666666
31191,,,,,,,,,,,,,33.27933505142857,31.09205688487585,32.61000070234114,32.146289592061734,32.81974103711791,31.693281881606765,33.37570345,34.52442055837563,30.831365590312814,30.07533488821138,33.43448839,33.91364503875968,33.36481591428571
31192,,,,,,,,,,,,,33.27933505142857,31.09205688487585,32.61000070234114,32.146289592061734,32.81974103711791,31.693281881606765,33.37570345,34.52442055837563,30.831365590312814,30.07533488821138,33.43448839,33.91364503875968,33.36481591428571
31193,,,,,,,,,,,,,33.27933505142857,31.09205688487585,32.61000070234114,32.146289592061734,32.81974103711791,31.693281881606765,33.37570345,34.52442055837563,30.831365590312814,30.07533488821138,33.43448839,33.91364503875968,33.36481591428571
31200,,,,,,,,,,,,,38.10095508571428,41.9153492,41.052627012263095,44.397161488423365,42.57762676855896,50.72415345665962,52.02396760621761,56.34919129949238,56.92259175,55.969883831300805,50.0199284,51.274086094961234,48.37422842857143
31210,,,,,,,,,,,,,51.14951786285714,51.22318197516931,54.01763421404683,60.65409228224917,65.74607451965066,65.62864696617336,65.07577830051812,76.64006270050761,98.27080833501513,89.21013973577234,101.2483012,110.80681676356588,110.3715880952381
31220,,,,,,,,,,,,,36.15695763428571,38.964801534988716,38.70702905239688,41.27947948180815,42.87054332969432,48.015403498942916,49.16296608290155,53.94782759390863,54.831869757820385,54.76739358739837,57.29825894,56.84262187984496,59.53449620952381
31230,,,,,,,,,,,,,36.765744834285705,37.08166870203161,33.29579723522854,31.104611477398013,30.159519978165942,32.90400565539112,34.65971864248704,33.652766984771574,33.65563126135217,35.069414207317074,33.58776927,34.38350408914729,35.42070996190476
31240,,,,,,,,,,,,,57.39696221714286,60.62279402,64.07022607580825,70.20429885336273,79.42027411572053,84.60114973572938,88.05773416,98.45756339086293,99.31615023208879,91.92810853658536,92.21155384,95.79831856589146,99.49312114285713
31250,,,,,,,,,,,,,27.966007885714284,27.180164740406322,25.796289197324413,29.035834277839026,26.992485753275112,29.23885957716702,31.26550431088083,30.249984446700505,29.07689178607467,28.977603668699185,29.48134557,30.669973614341085,31.2345515
31260,,,,,,,,,,,,,25.071998674285712,24.95647788939052,26.281510033444814,28.185205799338476,28.89370704148472,31.10134778012685,32.491022279792745,32.38323420304568,32.944559818365285,33.675552357723575,32.75242556,34.61204660852713,35.756640361904765
31270,,,,,,,,,,,,,31.585149005714285,33.09931392776524,35.07433781493869,37.42917759647188,41.203882805676855,45.97611857293869,47.43114651813471,49.01943074111674,48.63349910191725,50.83120614837398,53.52080476,53.428804757751934,50.52564642857143
31280,,,,,,,,,,,,,32.77109643428571,33.75213279909707,32.81678824972129,32.93196476295479,33.05272281659389,33.34792245243129,35.21728632124352,34.67815018274111,36.29439671039354,38.83125113821138,41.14773408,43.84953014534883,45.307930895238094
31550,,,,,,,,,,,,,26.75381594285714,27.246024525959367,28.49651277591973,28.86961432194046,29.55121265283843,30.733392135306556,29.97113673575129,30.668966730964463,35.62293879919273,41.24197269308942,43.54584521,46.206534050387596,48.119895571428565
31570,,,,,,,,,,,,,24.29818305142857,23.96776053047404,24.558748004459307,23.138146527012125,24.484124694323146,27.043925729386892,28.346734746113988,29.786998395939083,30.824369323915235,30.94090890243902,31.43591388,33.42833391472868,35.8654101
31580,,,,,,,,,,,,,16.874545154285713,15.777187302483071,15.258153467112596,16.02268018743109,15.843260447598256,16.564006553911206,17.803015202072537,17.407235989847717,17.940585822401612,18.583637987804877,19.56345425,22.27371317829457,21.488876247619046
32010,,,12.888641420974889,13.496987700427962,14.34915854570637,15.650348516042781,15.656343056994817,16.467745531370042,17.30260141025641,17.938741451814767,17.173955613608747,17.64272491186839,21.127256365714285,21.77753455981941,22.474915406911926,23.295830319735387,24.448767368995636,24.189478794926004,26.651945139896373,27.651972741116747,28.407952068617558,29.810725619918696,29.91144944,30.05555567829457,31.326915999999997
32020,,,16.206965642540617,15.818998373751784,16.494764459833792,17.989916604278076,19.370443056994816,18.900902650448145,19.442000102564105,20.510275281602006,20.51060787363305,18.590133772032903,20.57624801142857,21.237888724604968,21.277426376811594,22.603673142227116,24.302564486899563,27.42010836,27.95705168911917,29.025235472081217,30.501813087790108,30.766411747967474,28.28956814,28.636176608527133,29.725431628571428
32030,,,12.615949810930575,14.53908787446505,15.32078206371191,15.975723689839574,15.658163367875646,15.50965338028169,15.180986025641028,16.753045444305382,16.477850400972056,16.74616764982374,19.38363187428571,20.057259943566592,20.486460858416947,20.80709267916207,22.129018810043668,24.208621839323467,25.60415492227979,26.54478408121827,26.880319354187687,28.62819571138211,30.49604587,31.554553585271318,31.17768164761905
32040,,,16.94818738552437,16.546838487874467,18.92419718836565,19.95636544117647,21.65814116580311,23.15262862996159,24.3667984,25.42954123904881,27.49657159173755,25.090008249118686,27.909482011428572,26.672861433408578,29.221848662207357,28.62830476295479,31.863593755458517,32.43010078224101,31.72712516062176,33.993931766497454,36.00547401614531,38.43302791666666,38.03630523,41.21099365310077,41.88475067619047
32050,,,14.044865308714918,14.423339700427961,14.759429072022158,15.205571296791444,16.475052603626942,16.87732954,17.458689243589745,16.94752933667084,17.01643612393682,17.290509271445362,17.293803085714284,17.536015891647857,17.978511694537346,19.332383076074972,19.951191200873364,21.036788678646932,21.86805892227979,22.449318223350254,22.86918258324924,26.340450538617883,24.99941478,25.92616528100775,27.703614066666663
32060,,,11.225025784342687,10.97209190299572,11.744507440443211,12.53676106550802,13.370533704663211,12.609061298335469,13.972337730769231,13.453240350438048,13.509419185905225,13.68431918918919,16.683840754285715,17.091468826185103,16.514272441471572,16.944260033076073,17.927585993449785,18.742998076109934,20.340010341968913,21.975913918781725,22.622816437941474,25.269074217479673,24.48655416,25.285605232558137,25.309530133333332
32070,,,20.153888744460854,22.368553523537802,22.41472801939058,22.96478002673797,21.67280226683938,21.09986870678617,22.79647994871795,23.41996021276596,23.36004251518834,25.37058319623972,24.668176285714285,26.114452121896164,30.40444536231884,36.424871102535825,40.70465436681223,38.01090266384778,34.62382246632124,35.060261868020305,35.77115445005045,39.940303252032514,41.43233757,47.294319563953486,50.37561676190476
32510,,,20.700337075332346,19.013643780313835,19.68126968144044,21.227475494652406,21.33145353626943,23.52067344430218,24.354214974358975,26.446833454317897,23.118597849331714,27.676342314923623,29.299398468571425,29.966633250564335,30.582130635451506,30.63620834619625,32.042277336244545,31.594134926004227,33.88733831088082,35.79002062944163,36.91790208879919,38.09241427845528,37.31701857,38.65959450581395,40.86676376190476
32520,,,20.81062432791728,19.652995149786022,20.772221800554014,22.929620962566847,23.271467992227976,25.59602900128041,26.1872889,29.099424355444306,28.23753399756987,28.87950668625147,28.533233474285712,29.322982291196393,29.89960808249721,31.658287056229323,33.61568645196507,35.29293424947146,36.05188354404145,36.30490721827411,36.79004116044399,39.34291661585365,39.17367447,40.16155055232558,41.50839360952381
32530,,,24.577757784342687,21.436800527817404,27.51806782548476,28.433147914438504,27.02514968,26.46072222791293,27.693839410256412,26.29412976220275,24.595665589307412,27.531528413631026,28.509883359999996,30.967381975169303,29.429466945373466,30.07209733186328,29.770645382096074,30.767155454545456,31.899012279792743,32.60135719796954,34.02390962663976,35.462225264227634,34.96094356,36.58866054263566,36.5094511
32540,,,18.710224933530277,17.646837831669046,19.30833907202216,20.017354451871658,20.680620284974093,19.232531510883486,25.03773971794872,26.523706408010014,25.960217217496965,25.208136886016455,29.485881954285713,27.491903363431152,28.252783121516167,30.733950121278937,30.94353049126638,35.27498724,41.11957192746114,43.602331644670045,36.65562226034309,35.18061655487804,34.41654471,35.736446395348835,38.852170676190475
32550,,,16.78090677991137,20.17247188302425,20.422887313019388,25.953731310160425,26.024522163212435,27.170680909090912,30.093501333333336,36.91181096370463,33.67848211421628,32.44643834312574,33.48105041142857,33.64195750564335,33.80173392419175,31.800320926130098,32.74026467248908,36.48880234672304,39.85930417,40.63286020304568,39.95168720484359,40.30812661585365,35.68291294,39.59480234496124,41.46337473333333
32560,,,16.89192585,17.49147291012839,19.05660065096953,19.49072830213904,19.647428367875644,21.177562996158773,22.790207461538465,23.115672315394242,22.341887278250308,23.503636110458288,28.299261885714287,31.426568589164788,32.356576622073575,33.13617993384785,34.53284560043668,33.250646712473575,34.88688134715026,36.87683590862944,39.585972330978805,42.97475829268292,45.17416497,50.18188167635659,51.4492391
32570,,,21.90997846381093,22.835278944365193,24.51456846260388,26.702121163101605,26.681098082901553,28.541181049935982,30.614012230769234,31.841580212765955,30.114808942891862,32.775622608695656,42.67218612571428,45.05062379232506,47.09824113712374,47.47494059536935,45.04820579,44.73410972515856,47.31222548186528,50.32633456852792,56.71044181634713,60.06604528455284,61.61817597,70.76643101744186,74.37969818095237
32580,,,18.543279423929096,19.355116818830243,21.56476555401662,22.77516887700535,22.900923808290155,24.468641882202306,25.181888653846155,26.610116533166458,27.106947156743622,28.270725804935374,32.62393313142857,33.324706467268626,36.047269375696764,34.324219922822486,33.80897609170306,35.814509915433405,37.899148238341965,40.378788609137054,44.914095277497474,49.95411560975609,47.89442499,52.76071006782946,52.410125533333336
32590,,,21.53326983751846,22.40108542082739,25.000241177285314,26.253565120320857,26.605450233160617,27.463268758002563,31.05923406410257,31.717457847309134,33.02072838396112,33.832689741480614,37.78951429714285,39.708890462753956,40.618407591973245,40.62137762954796,41.85544137554585,39.472231205073996,42.635994528497406,44.11778544162436,46.93501785,53.48919411585365,54.89256642,55.20598729651162,54.571079628571425
32600,,,17.00237819793205,17.275867403708986,18.797397354570634,21.48788840909091,21.258277525906735,22.21204841229194,24.174360615384618,26.68839785982478,25.006084993924667,24.17804386603996,27.425686959999997,28.64009097065463,30.13190221850613,29.421399724366037,30.545396364628825,33.801811458773784,35.380923823834195,37.01629879187817,42.02518516649848,49.401092459349584,53.20645065,53.610885658914725,52.46611983809524
32610,,,21.601917562776954,18.34650679029957,18.99739495844875,24.68377909090909,23.40948335492228,24.442499615877082,28.95456078205128,29.247538635794744,28.582053961117865,29.394562502937724,29.992746914285714,27.889640146726865,28.90326458,29.63544885336273,32.10113150655022,31.88819876321353,33.27860982383419,34.50082550253807,37.27776042381433,39.21431499999999,37.78415516,40.30925130813954,42.99484266666666
33020,,,16.061973353028062,18.166042767475037,18.520543282548477,18.31163037433155,18.855497098445596,20.352549423815624,21.618050102564105,23.803661752190237,22.42631769137303,22.746278554641602,25.822357222857143,26.99930565462754,27.796013088071348,29.083222767364937,32.29712768558952,32.56153886892178,34.56951547150259,37.15440414213197,40.81286072653885,44.52969275406503,41.22151808,39.62906052325581,40.66740789523809
33030,,,14.114663073855242,14.050806115549216,13.736300024930745,14.483797713903744,14.904618613989637,15.114497490396928,16.567024256410257,16.586587234042554,17.95352590522479,19.467530282021155,19.443832948571426,19.54391375846501,20.77992960981048,21.382584950385883,23.117643144104807,24.62036640591966,24.918197098445592,25.19993969543147,26.083308718466196,27.68476070121951,26.17875776,28.013663013565893,28.558842904761907
33041,,,18.43158022156573,17.843716847360913,19.942345360110803,20.185291323529412,22.885418212435233,19.849783508322666,22.89445530769231,24.60152838548185,22.77952322,23.01348317273796,22.46168809142857,23.604664943566593,24.96276437012263,26.128551201764054,34.156632751091706,36.28667872093023,39.039923450777195,42.51753541116751,46.310887991927345,46.71104242886178,45.28187807,46.71876824,47.96787382857143
33042,,,18.43158022156573,17.843716847360913,19.942345360110803,20.185291323529412,22.885418212435233,19.849783508322666,22.89445530769231,24.60152838548185,22.77952322,23.01348317273796,22.46168809142857,23.604664943566593,24.96276437012263,26.128551201764054,34.156632751091706,36.28667872093023,39.039923450777195,42.51753541116751,46.310887991927345,46.71104242886178,45.28187807,46.71876824,47.96787382857143
33043,,,18.43158022156573,17.843716847360913,19.942345360110803,20.185291323529412,22.885418212435233,19.849783508322666,22.89445530769231,24.60152838548185,22.77952322,23.01348317273796,22.46168809142857,23.604664943566593,24.96276437012263,26.128551201764054,34.156632751091706,36.28667872093023,39.039923450777195,42.51753541116751,46.310887991927345,46.71104242886178,45.28187807,46.71876824,47.96787382857143
33044,,,33.73277973412112,32.88610025677603,35.08697102493074,40.57033132352941,42.5444008,47.170630563380286,46.28889825641026,46.90012921151439,52.21911013365736,54.875147896592246,60.405967451428566,64.73335190744922,69.69248833890747,68.49119577,34.156632751091706,36.28667872093023,39.039923450777195,42.51753541116751,46.310887991927345,46.71104242886178,45.28187807,46.71876824,47.96787382857143
33520,,,16.399843353028064,18.440866176890157,18.24153179,19.071409786096257,19.309849792746114,20.182823213828428,21.30975316666667,23.210229899874843,25.25287155528554,23.488172150411284,24.949340399999997,23.04336820541761,24.836160412486066,24.83731990077177,35.092737368995635,31.04017701902748,35.311135948186525,33.83784697461928,31.949421271442986,35.28654903455284,36.49713069,37.75452536821705,44.82839430476191
33530,,,21.708057813884782,21.45732689015692,22.47396409972299,21.50054843582888,22.299421554404145,23.19989151088349,21.518354128205132,21.829105707133916,21.17396980558931,24.07774407755582,25.131899257142855,26.396290135440182,25.626138662207357,27.960085545755234,26.815709268558955,28.26608301268499,27.20334639378238,28.971115827411168,28.932460544904135,32.40402582317073,30.38140004,32.77268621124031,35.09644972380952
33540,,,20.26609454948301,18.422648673323824,18.939832077562325,19.368376122994654,20.507188251295336,20.66919947503201,18.874022987179487,21.173411764705882,20.56180866342649,23.306877814336076,22.096798914285714,22.61392065462754,23.84869385730212,21.99966826901874,22.35699470524018,23.85926825581395,21.68044068393782,22.594046040609136,22.858223259334007,24.293096788617884,25.54784623,28.528653449612403,29.480296076190477
33550,,,37.82070019202363,42.51774308131241,40.983323587257615,40.761836002673796,48.75589541450777,55.21544801536493,54.20926414102565,53.65394444305382,60.797489295261244,60.669794876615754,75.44346129142856,77.29224395033862,74.10073246376811,77.29056743,78.91759821,91.90308832980972,96.63599832124352,98.63037104568527,97.99461098890009,96.89155289634145,98.36318354,97.63600290697674,98.33895219047618
33560,,,36.58986475627769,36.49075796005706,38.27641319944598,24.030691590909093,24.326585867875647,22.409509167733678,23.772786525641024,23.25670357,23.97040482381531,25.405740916568746,32.89170601142857,34.81291160270881,32.63248472686733,31.15356812568908,32.063493275109174,34.780648097251586,37.27560025906735,38.586244893401016,37.89331025227043,39.70830999999999,40.45789861,43.433993430232555,45.215464780952374
33570,,,34.45665023633678,34.19052218259629,34.27191411,33.371288315508025,39.92837304404145,44.11233367477593,49.66043493589744,48.75187414267835,42.24845251518834,41.03212963572268,54.33741027428571,58.413479559819415,61.20401337792642,68.44473586549061,71.80102968340611,77.32948091966173,86.23155826943004,90.23624359390863,91.13517009081735,94.36159962398372,95.41926723,102.02564437984495,109.15235628571428
33580,,,31.84723042836041,35.25723599,35.590520554016614,41.35562493315508,38.785387720207254,33.94714349551857,32.77316157692308,36.85936319148936,35.406854823815316,31.305311750881323,33.370731725714286,33.427689683972915,34.62024836120401,33.66609134509371,36.64856473799127,39.42658784355179,42.19620630051813,44.537968588832484,41.74676701311806,41.57110624,41.20147488,43.45980339147286,47.20687626666666
33590,,,,,,1.0808568997326202,1.198428286,1.2128403994878363,1.0789141423076924,1.0881842177722154,1.168921312272175,1.0030076451233845,1.0634754777142856,1.0794262528216705,1.1271153021181717,1.0650667717750826,1.0836248155021835,1.0750463118393236,0.9879574321243522,1.000312467005076,0.9746418728557013,0.9960126859756097,1.006673434,0.9906691908914729,0.9277912485714285
34011,,,24.475661905465287,25.636331198288158,25.390447756232682,25.230793262032083,26.142098445595852,28.576815800256085,31.720881115384618,32.08302650813517,31.29099326852977,35.22363784958873,40.59299266285714,42.15676966139955,41.86048682274247,42.32949038588753,40.56417270742359,38.99826590909091,39.75186750259067,41.81107796954314,40.86643507568113,37.63158604674796,39.63418022,41.04833493217054,45.13925131428571
34012,,,24.475661905465287,25.636331198288158,25.390447756232682,25.230793262032083,26.142098445595852,28.576815800256085,31.720881115384618,32.08302650813517,31.29099326852977,35.22363784958873,40.59299266285714,42.15676966139955,41.86048682274247,42.32949038588753,40.56417270742359,38.99826590909091,39.75186750259067,41.81107796954314,40.86643507568113,37.63158604674796,39.63418022,41.04833493217054,45.13925131428571
34020,,,15.608219010339733,16.38706667617689,17.681457742382268,17.357750895721924,18.19031468911917,18.893521459667095,19.576152833333335,20.777173954943677,20.86743263669502,22.21381410105758,26.568624719999995,29.626960462753953,27.744340312151614,28.040634873208376,28.378053307860263,30.377964101479915,32.80363852849741,33.83139748,34.03183282542886,35.43739866869918,35.99262519,38.33592433139535,39.361018685714285
34030,,,18.692461536189068,18.877559771754637,23.62830916897507,24.871639344919785,24.516444961139893,24.421704046094757,25.574486858974364,26.746331364205258,22.383842089914946,24.37987005875441,31.867440662857142,31.370624480812644,29.757814381270904,34.382332712238146,40.69675521834062,41.77537298097251,40.99634622797927,41.79930886294416,38.59738133198789,42.55698228658537,41.80621377,37.930835649224804,42.088362628571424
34040,,,43.18726787296898,42.377040042796004,52.08510775623268,62.01784032085561,65.72601313471502,68.24470313700384,69.84439766666668,70.87417559449311,63.70539375455651,74.03009866039953,93.70598118857143,95.50671142212191,88.26019666666667,84.04689492833515,80.72527493449782,83.99014422832981,90.05043454,100.36000086294415,97.47756275479314,93.64890329268292,94.65621945,94.20280042635657,106.94046209523809
34050,,,31.48150898079763,31.30230738944365,33.22569306094182,36.64500689839572,42.4431575,45.58855509603074,52.7662804,53.825959336670834,62.92175087484812,56.9426885,88.576998,93.85752039503387,102.00704051282051,97.78020299,103.40160032751092,96.38433789640591,99.32383523316061,104.30173756345177,103.09343965691221,105.5228844512195,90.23186838,110.33625009689922,122.67359085714284
34060,,,15.963728714918757,14.981098402282454,16.105281980609416,16.52108104278075,16.762597435233157,18.07246862996159,19.437666833333335,20.088128560700873,19.39889270959903,21.02002146886017,25.44432182857143,26.580452708803612,26.439659598662207,28.447604244762953,28.91950127729258,30.118085687103594,30.815636715025907,30.416223725888322,31.81330133198789,34.895190487804875,38.0462567,37.25351693798449,39.38489367619047
34070,,,9.473341358936484,11.458472506419401,10.865959736842104,11.734729192513369,12.706923965025906,11.904159636363639,10.25470530897436,14.471365181476846,12.670455516403402,11.15077842773208,26.704524959999997,27.725806444695262,30.146483734671126,31.82879379272326,32.206720829694326,34.25291654334038,35.44557227979274,33.879539786802034,35.40016836528759,35.65717794715447,40.1533791,38.25973009,39.91365936190476
34080,,,21.92775118,23.343403965763198,26.668545443213294,31.806938181818182,33.19185050518134,40.48955833546736,40.57693076923078,43.97445851,51.534839441069266,51.036074383078734,58.344141554285706,69.46717086,70.71025700111483,71.85941254,74.82029443231441,74.74198781183932,70.63565176165802,69.60329790862944,69.95504091826437,69.26129186,70.57795836,76.81947414728681,82.3749948
34510,,,16.992761920236337,18.861497831669045,21.51891761772853,22.91101371657754,23.464216541450774,24.03776368758003,26.291273705128205,27.447400775969964,29.862440899149455,29.88306388954172,39.49995579428571,39.40621136568849,39.841821192865105,42.23431538037486,42.30516565502184,43.54332559196617,41.40552153367875,40.67486110659898,41.26200477295661,44.32488602642276,45.90208702,44.361270222868214,48.73664838095238
34530,,,16.24112410635155,15.568635634807418,16.657117700831023,16.48725340909091,16.96771397668394,17.423698629961592,19.37288291025641,20.583589874843554,20.294929125151885,22.084407050528792,26.335706388571428,24.84662229119639,23.631661415830546,24.690103572216096,24.591846015283846,27.15034623678647,27.831748652849736,28.62907130964467,29.76768885973764,29.316227764227637,30.30198611,31.162793129844957,32.510282971428566
34540,,,20.464376454948297,19.62417964336662,21.274341731301934,24.70719676470588,26.286734093264247,25.199957272727275,28.75887757692308,27.934759874843554,27.133982332928312,26.670466639247948,30.08743328,31.756841264108356,33.65043090301003,36.65550081587651,36.080906146288214,36.95633437632135,38.40437226943005,36.08485230456853,39.176182694248226,45.472162113821135,44.19423129,45.95973483527131,42.4598854
34550,,,19.273653249630723,18.030615392296717,20.669631052631576,21.801830548128343,22.48117968911917,23.269827144686303,24.11746607692308,26.647514543178975,24.633861057108142,23.944695158636904,27.002699885714282,28.326526693002258,28.85817089186176,30.59985252480705,32.82905598253276,35.09627634249471,34.873078113989635,37.737639340101516,37.22654247225025,38.07039311991869,40.34318857,42.03057992248062,41.2065401
34560,,,15.495127355982273,16.102135520684737,17.175079085872575,17.397389959893047,18.81982085492228,20.11277253521127,20.397449500000004,20.521987834793492,21.318982490887002,22.601824089306703,23.170319817142857,24.342483024830702,29.94640343366778,32.79212013,33.58202002183407,34.32201486257928,32.868734010362694,31.938244690355326,32.64782021190717,33.89510946138211,35.08768057,38.21681466085271,42.7378573
34570,,,12.664726784342687,13.34589541226819,14.843921426592797,16.57798185828877,17.17957481865285,18.965825736235598,19.700198782051284,19.21616524405507,21.20963222,21.68024997649824,23.155553074285713,24.580063115124155,25.940516343366777,27.48697334068357,31.741601593886465,33.87084186046512,38.40780990673575,40.81424762436548,41.00541349142281,42.62882922764227,45.30007428,49.17471954457364,56.03250291428571
34580,,,20.115041683899555,21.843944322396577,25.451475069252076,26.952022219251337,25.50068859,27.77871330345711,27.903829858974362,29.009763992490612,22.760947436208994,28.236066909518215,35.05029939428571,34.21071347629797,31.70413283166109,39.09312329658213,43.709383460698696,49.61115869978858,48.16228401036269,46.638258730964466,45.92563343,46.59341391260162,46.23737422,41.85002017,41.701848161904756
35011,,,,,,,,14.769621562099875,16.962391448717952,17.191394005006256,18.22244495747266,18.64025085781434,18.131553051428572,18.72266274266366,19.453856053511704,20.360901841234835,21.866866888646292,21.662555665961946,22.35451772020725,23.35104538071066,24.31436121089808,25.266400508130076,24.98735687,24.734748972868214,25.16185959047619
35012,,,,,,,,14.769621562099875,16.962391448717952,17.191394005006256,18.22244495747266,18.64025085781434,18.131553051428572,18.72266274266366,19.453856053511704,20.360901841234835,21.866866888646292,21.662555665961946,22.35451772020725,23.35104538071066,24.31436121089808,25.266400508130076,24.98735687,24.734748972868214,25.16185959047619
35020,,,,,,,,24.086715352112677,25.158251589743593,27.715176821026283,31.246368347509115,32.398044676850766,33.48456011428571,36.247932584650115,34.713565273132666,36.04727552370451,35.83806230349346,38.49300756871036,37.10686191709844,36.46713709644669,36.52972481331987,37.312215091463415,37.51764548,40.364964098837206,41.09521251428571
35030,,,,,,,,17.64732372599232,19.738082230769233,18.88405981226533,19.79056269744836,20.695842126909522,23.029247017142854,23.819039243792325,24.44685763656633,25.02576036383682,24.818131572052405,25.961174566596195,26.010587202072536,26.822113370558373,27.752956205852673,29.616367550813003,30.82694951,31.751653032945732,33.58380843809524
35040,,,,,,,,17.474055697823303,18.286704884615386,21.96451848560701,18.793555212636697,20.419057238542894,20.38333489142857,21.810618126410837,22.39494299888517,23.80306359426681,24.594234661572052,25.712158678646933,25.705983461139894,26.943724852791874,27.08341229061554,29.807153922764225,31.72824124,34.09045162790697,34.12199478095238
35050,,,,,,,,16.26791525,16.694045371794875,16.95658291614518,16.588159562575942,17.72611902467685,19.23755056,18.925850677200906,19.524609487179486,20.65233497,20.79951624454149,21.58743597251586,21.368004155440413,21.119971969543148,22.197060161453077,24.206647977642273,24.50213235,25.862959505813954,26.057738123809525
35060,,,,,,,,20.39052496798976,19.861217487179488,22.848003742177724,23.06900894289186,23.895913748531143,24.86669433142857,26.294013069977428,25.77643469342252,28.264878765159864,28.783000425764193,32.39137212473573,33.23093254,34.303709634517766,34.97616292633703,37.93292961382113,39.60052153,42.06864402131783,42.32234567619047
35510,,,,,,,,29.807873034571067,27.917618589743594,34.984629524405506,34.605649331713245,38.84780987074031,38.695003462857144,38.25275874717833,39.854399665551846,42.381840948180816,45.33049405021835,55.439678213530655,54.09612951295336,55.339326680203044,55.57473531786074,57.391876615853654,57.92784552,60.699472451550385,61.55912166666667
35520,,,,,,,,21.37226691421255,24.182894384615388,20.98375035043805,18.385215006075335,20.16450039952997,19.70213848,20.035970869074497,21.89812861761427,23.08434141124586,23.202999203056773,23.987215126849897,23.832567098445594,25.916979736040606,26.473441806256307,26.923518638211377,28.61463338,28.07688680232558,28.876190476190477
35530,,,,,,,,23.143965044814344,23.18985980769231,19.517587684605758,19.157489842041315,23.221090893066982,21.664555474285716,21.681967381489844,23.09811364548495,27.82997871003307,24.64428281659389,25.304424661733616,26.433655222797924,27.970650081218274,26.01759813319879,31.302928912601622,33.33924114,33.14583488372093,34.22376025714286
35540,,,,,,,,19.85304900128041,21.407910384615384,18.522375431789737,20.443204082624543,19.19811121034078,22.24569034285714,23.268650248306997,25.815765707915272,24.86001760749724,23.88020318777293,25.224020919661733,25.047300518134712,26.966334781725887,24.572341806256304,26.07768591463414,27.42925062,29.064407722868218,29.08082918095238
35550,,,,,,,,19.962946850192065,20.864366217948717,20.31814147684606,22.147015637910087,21.920945111633376,24.94393208,24.676662178329572,25.250523511705687,24.25059799338478,25.639793515283845,26.63668986257928,25.927085709844558,26.343599045685277,28.39673179616549,28.771041808943085,31.38277074,34.75216563953489,35.10271831428571
35560,,,,,,,,17.87625895006402,17.83698985897436,19.138250888610763,18.91134413122722,23.057176780258523,21.11253505142857,21.996995372460496,23.299981248606464,24.125692579933844,25.459602390829698,26.335045369978857,27.36752651813471,26.212262670050762,26.311437467204843,28.672844867886173,30.9210356,30.50277906007752,31.27117753333333
35570,,,,,,,,19.430191523687583,20.03656212820513,20.91126013767209,20.384836682867558,23.589861985898946,21.62901412571428,25.036327279909706,24.993544180602004,24.13074608599779,24.515991659388646,24.15368090909091,24.67589111917098,25.95030766497462,31.44149097880928,32.453897703252025,30.62608887,31.939734951550385,32.3216674
35580,,,,,,,,15.804034801536494,17.206404115384615,18.274066745932416,18.71901951397327,19.427268871915395,19.065786788571426,19.83848276523702,20.836108851727982,22.248026659316427,23.22300632,25.940172642706134,24.97373877720207,26.78140585786802,28.55305954,30.34995808943089,32.05466053,31.476195164728683,32.967525809523806
36010,,,,,,,,13.534852163892449,15.314518166666668,16.435836683354193,17.480286330498178,16.56572292596945,16.15332192,16.188387325056436,16.500505228539577,17.290134630650495,17.321840087336245,18.316821881606767,18.35567183419689,19.76145495431472,20.562925983854694,22.20242470528455,21.79551784,23.073500368217054,23.69672932380952
36020,,,,,,,,67.47635953,67.24942469,73.09562761,78.26337857837181,71.98537470035254,97.63611653714285,100.03002970654627,100.71229231884058,102.7334909,92.21559803,92.47024454545453,94.90405002072538,96.88316627411166,97.67292857719475,94.40613658536584,89.90250212,109.36116424418604,109.92698695238094
36030,,,,,,,,17.126055531370042,17.79574948717949,18.59422621,18.865909331713244,19.746294911868393,20.460240834285713,20.977622404063208,21.82314618729097,22.924840694597574,22.842843155021836,21.560458699788583,23.10178668393782,23.23197264974619,23.800873763874872,24.47854213414634,24.87570742,25.29424192829457,25.27009843809524
36040,,,,,,,,23.777135531370043,27.50515057692308,28.392097484355443,28.981614823815313,27.408731856639253,30.814151599999995,32.071862708803614,31.24631508361204,35.46657780595368,42.42497339519651,41.30129086680761,39.557244414507764,39.113779624365485,37.32895951564077,40.49651927845528,41.96861945,43.12279489341085,44.49587336190476
36060,,,,,,,,68.25172252240718,60.104237551282054,62.705069123904885,84.43470070473876,70.61199197414807,79.12936389714285,72.44476378103839,72.60284343366777,70.92974461962513,76.53793274017467,71.96447362579282,66.97301156476684,67.14148258,67.73513034308779,69.41257244918698,71.06039442,97.37505329457365,99.86837857142856
36510,,,,,,,,20.457446235595395,20.662697128205128,21.815273892365457,23.690272089914945,25.390114300822567,22.815810857142857,22.557195428893905,23.94155337792642,25.214004035281143,25.838167936681224,28.23396644820296,29.036541937823834,28.57318914720812,30.264042512613518,32.87216720528455,34.90944252,36.30865152131783,36.80954877142857
36520,,,,,,,,29.01267429,30.72211306410257,44.79872603254068,35.47899747,29.200266169212696,37.28285588571428,34.472685880361176,35.97825166109253,34.817504884233735,36.12456497816594,34.350733837209305,34.11746659067357,32.42281968,32.62507994954591,36.300790487804875,38.4318271,40.87715000968992,42.57332911428571
36530,,,,,,,,13.795238425096032,15.03935026923077,16.10583239048811,16.236140255164035,17.222484183313753,16.572242662857143,16.934879356659145,18.221497971014493,21.259322403528113,20.076849148471617,21.241597304439747,20.79751766839378,19.921677106598985,20.59532212916246,21.491015833333332,23.70387651,24.820447480620153,26.55224961904762
36550,,,,,,,,14.553965160051218,14.886869269230772,16.140895944931163,16.522355176184693,17.168421280846065,16.124034719999997,16.298449040632057,17.305012731326645,19.392898324145534,18.76457608078603,20.579847188160677,20.436668031088082,22.512069685279187,21.561691321897072,24.22387049796748,26.22996777,26.897709912790695,26.88364576190476
36560,,,,,,,,14.676827541613317,15.779117384615386,16.97945372966208,19.587983390036456,19.889674735605173,17.310261634285713,18.282779469525963,18.62865591973244,18.715798302094814,20.775240982532754,20.35316702959831,21.02805039378238,20.975702852791876,22.53908991927346,25.019088617886176,25.89545971,26.809130058139534,26.831070028571425
36570,,,,,,,,17.115237029449425,19.331105217948718,21.80207055068836,21.545835151883352,22.890177109283197,23.134059348571427,22.883585609480814,25.35790863991081,26.500537552370446,27.460242729257644,26.71624675475687,26.017340134715024,26.08330272081218,26.065411594349143,30.26962408536585,30.49966412,32.25349743217054,31.671181047619044
36580,,,,,,,,17.080910973111397,17.988144820512822,18.415918122653316,18.060199185905226,20.151936603995303,18.515450297142856,19.855562731376978,20.921428506131548,19.91086802,19.684955578602622,20.695329122621562,23.43412641450777,23.996584203045682,25.928436306760847,27.541617571138207,28.57595238,30.101278740310075,31.155653514285717
36590,,,,,,,,16.569154481434058,17.150714551282054,18.218719186483106,18.303270911300125,18.76504186839013,17.32011752,17.72162867945824,19.154189096989963,18.886706471885333,19.253751768558956,21.50387393234672,22.32018345,24.113795461928934,25.698668496468212,27.46940908536585,30.32283146,31.764560920542632,31.101035285714282
36600,,,,,,,,17.860288911651732,19.06931571794872,21.046494956195243,20.75655829890644,21.637229024676856,22.662015999999998,24.164557065462756,23.14973277591973,23.59543628445424,24.132634890829696,24.161549682875265,27.13537185492228,30.889970395939084,30.23305772956609,31.241455813008127,34.08073424,34.97153703,35.302343447619045
36610,,,,,,,,36.97115984635084,40.82639460256411,53.26218372966208,59.02486409477522,55.55238618096358,56.925325862857136,61.75505301354403,59.94214612040133,57.43328515986769,57.52179919213974,54.03026480972516,59.25372070466321,52.127605979695424,55.828727023208884,62.157321910569095,62.00854765,59.187365174418595,65.06647762857143
36620,,,,,,,,26.092461024327786,29.32042107692308,29.30554466833542,28.742393244228435,27.693376004700355,27.204741759999997,29.229118950338606,32.110617781493865,32.75424791620727,32.94792859170306,33.68697700845666,36.47450309,35.53704985786802,37.56205872855701,41.83885638211382,41.83094553,39.99688414728682,43.279779771428565
36630,,,,,,,,18.150602035851474,19.10942103846154,21.08203310387985,20.36334108140948,21.41803980023502,20.78924465142857,22.178982392776526,22.602545094760313,23.799912502756335,25.34602227074236,26.182613266384777,26.744801367875645,28.31336276142132,29.075956498486377,30.505803821138205,35.41872075,35.87316259,37.72067740952381
36640,,,,,,,,51.73086412291934,50.65544859,57.079992515644555,41.97915189550426,45.931942620446534,42.49449361142857,36.86538740406321,30.682256164994424,33.710439228224914,41.56103337336245,53.80733230443975,61.49958534715025,50.20140905583756,48.21054984863773,38.64219247967479,44.86828377,46.330336792635656,41.56967605714286
36650,,,,,,,,25.848650704225356,27.473177884615385,32.40039291614518,31.32717200486027,31.797329518213868,33.47462821714286,35.319149875846506,36.76747750278707,37.85916845644983,37.96101114628821,38.39489463002114,40.397043316062174,41.70085273096446,40.78609438950555,42.22351119918698,45.54986056,46.297160300387596,46.7926619
36660,,,,,,,,14.90677115236876,15.429258717948718,18.25182760951189,16.35321901579587,17.78083347826087,17.415909634285715,17.989659367945823,17.37589530657748,18.150829503858873,19.00079461790393,21.05425341437632,21.77810675647668,22.459422964467002,23.56135381432896,24.950771859756095,28.00432727,26.864882180232556,28.00680715238095
36670,,,,,,,,15.724478847631245,17.687087205128208,18.481425644555692,17.13127001215067,18.076291621621625,18.7108776,19.383196422121898,17.904310178372352,19.65462743109151,21.689471986899566,24.185106479915433,23.166717658031086,26.90296203045685,28.214305438950554,30.292592926829265,29.39379383,31.04117324612403,31.384159047619047
36680,,,,,,,,16.775404507042253,16.428748641025642,18.902113767209013,20.892834653705957,20.52082032,18.605592525714286,19.07244367945824,20.73652751393534,19.095999503858874,20.273030829694328,24.68624716701903,25.288088829015543,27.630671147208123,28.26578239152371,27.338543983739836,35.03138322,36.81536667635659,33.372250695238094
37011,,,23.446535347119642,26.086214778887303,25.889105817174514,28.257103288770054,32.662735142487044,35.06372498079386,35.37628396153847,35.47199871088861,41.60106035236939,36.01296904817862,38.95722042285714,37.19577899548533,37.60992656633222,37.98321445424476,36.738636713973804,34.509407410147986,34.04823106735751,36.082596832487305,36.756230524722504,38.67611882113821,37.02507775,45.79655927325581,45.10221915238095
37012,,,23.446535347119642,26.086214778887303,25.889105817174514,28.257103288770054,32.662735142487044,35.06372498079386,35.37628396153847,35.47199871088861,41.60106035236939,36.01296904817862,38.95722042285714,37.19577899548533,37.60992656633222,37.98321445424476,36.738636713973804,34.509407410147986,34.04823106735751,36.082596832487305,36.756230524722504,38.67611882113821,37.02507775,45.79655927325581,45.10221915238095
37020,,,18.65101927621861,18.203348944365192,20.083158462603876,22.670421363636365,21.862242772020725,23.238952317541614,24.079427820512823,24.829778798498122,24.894422794653707,24.602694371327853,28.16398048,31.23659990970655,34.904356532887405,34.84258710033075,37.846763438864635,39.18826787526427,41.88915833160622,41.07945514720812,39.956433461150354,41.981004532520316,39.13790029,43.876365532945734,47.971487371428566
37030,,,15.334848936484487,15.115205320970043,17.049554958448752,17.25837580213904,17.998915259067356,19.06289180537772,18.90305598717949,19.22654749687109,19.54498575,20.712581786133963,22.179366857142856,22.237427494356663,25.346761081382386,26.905912458654903,29.324988427947602,32.09339651162791,33.68994553367875,37.56328839,39.53340725529768,39.272181595528444,40.23192788,40.05719112403101,44.34078974285714
37040,,,12.259441150664697,12.93671614550642,13.501965484764542,14.476624104278075,14.37594073,14.506917413572344,14.852330038461538,16.00041632,15.521066123936818,16.143207638072855,16.834641188571428,17.155773656884875,17.575561962095875,18.899214630650494,19.808647390829698,20.662479069767443,27.50804882901554,27.174413989847714,30.475326155398587,34.854037022357716,37.87576381,35.80695253875969,43.009218276190474
37050,,,48.667500265878864,46.565901754636236,51.254143019390575,56.87414389037433,68.51584579015544,70.97648142,68.23216484615385,62.67829440550688,62.17874465370596,65.06297569917744,71.21872115428572,71.07323221218962,70.73044629877369,74.75725143329657,75.62796301310044,70.31510882663848,69.38502655958548,86.81416003045685,81.06303349,70.06543178861787,67.21623576,62.06756789,69.10941611428572
37060,,,13.341587329394386,14.657438815977175,15.402213698060942,16.691706564171124,19.849909235751294,16.830747131882205,17.303006487179488,19.192775669586982,19.28650098420413,20.054091445358402,21.031296,20.350990214446952,22.924800858416948,21.847722789415656,23.879432543668127,27.76457140591966,28.359569854922277,27.358481421319794,28.394434379414733,30.028612794715443,29.46426944,32.32261459302325,32.66703817142857
37070,,,17.07612449039882,15.877102553495007,17.805551024930747,18.84595902406417,19.840474404145077,19.26710252240717,20.588440653846156,21.289357521902375,21.59201859052248,21.650760940070505,24.714122354285713,26.835385270880362,28.096551973244146,30.20847312,33.752066168122276,34.96639871035941,35.22392377202072,34.887553218274114,35.96446963673057,37.39283002,37.4897123,40.596493624031005,43.79270678095238
37080,,,11.892593431314623,12.24788322253923,13.61571301108033,13.685610160427807,13.703681800518133,13.817884468629963,14.44590473076923,15.929409887359197,15.074480133657353,15.504872326674501,17.092135394285712,18.902833408577877,18.41547251950948,18.234781521499446,20.928938165938867,22.675303520084565,23.307048176165804,22.555264588832486,21.71279855701312,24.104082611788616,25.63502283,27.752655455426357,27.789540714285714
37090,,,10.789109186115214,11.864209559201141,12.73835030470914,13.684362205882353,14.34913755181347,14.831070985915494,15.389899974358977,15.311597371714644,16.402355905224788,17.341798707403058,17.136920685714284,20.727412054176074,25.28301304347826,24.83338687982359,24.763960251091707,21.776604323467232,20.445187181347148,21.66407483248731,23.565948900100906,23.041133993902438,25.13657116,25.33935019379845,27.81671541904762
37100,,,18.854276129985227,17.32176727532097,17.591002853185593,18.810087473262033,19.32030340673575,19.625551177976956,19.70811753846154,20.893915994993744,21.548171798298906,22.325079283196242,24.32471352,26.767291749435667,28.920692341137123,29.22075570011025,29.576470556768562,29.363373562367862,30.783419202072537,29.994550903553296,30.121364016145307,33.18675107723577,30.32486501,30.256707034883718,31.618485561904762
37520,,,14.124371468242245,14.347000955777462,14.949000540166203,14.777036818181818,15.760505544041449,14.71941800256082,15.488569346153847,15.489185982478098,15.568128493317133,16.149315969447713,17.8261976,18.25200136568849,20.30518509476031,20.20967610804851,21.11175597161572,22.70710206131078,23.487270911917097,22.87960428426396,24.61477869828456,26.093279136178857,27.22289459,28.168657470930228,29.179205733333333
37530,,,14.259746528803543,15.19713398002853,16.55588076177285,18.134136764705882,17.465937538860103,16.498659321382846,21.314930166666667,21.44140767209011,17.109248748481168,17.66115944770858,18.591289005714287,18.805840270880363,19.094399609810477,24.52182142227122,24.091339716157208,24.392225665961945,25.108681025906733,25.98299259898477,28.061534258324922,32.15602136178861,32.08445137,29.88065035852713,32.50502259047619
37540,,,16.01458903988183,17.20944255349501,19.776074695290855,19.904030614973262,17.987326787564765,16.691555531370042,19.159460641025643,17.633711163954946,18.092038177399758,19.861478566392485,18.93156390857143,21.304918860045145,23.566215150501673,24.083812734288863,20.943396539301315,21.134856976744185,22.86871648704663,26.238825238578677,23.361207305751766,24.431269878048777,26.30757249,29.355477655038758,28.117826085714285
37550,,,11.472110895125551,11.187701269614836,10.8474647,12.880823187165774,13.443988056994819,12.885212970550578,12.773381016666667,14.402463629536921,13.523354945321993,14.888149694477088,15.336553428571428,15.365176196388262,17.537405774804906,18.101560848952587,18.25986846069869,20.33112297040169,20.885504590673577,21.197771390862943,20.619976770938443,23.119925497967476,25.58224327,25.125886124031005,27.3106576
37560,,,13.29791117872969,13.973979369472183,16.94892573407202,17.606632713903743,17.787122033678756,15.72804829705506,17.593419935897437,17.20534717146433,16.934543827460512,16.29510918918919,17.376726937142855,18.921918826185102,20.53647205128205,22.01138713340683,23.12627246724891,22.738321279069766,23.501817108808286,23.713310507614214,23.935769374369322,24.707034766260158,24.03414334,28.200979874031006,27.259187038095238
37570,,,22.462156632200884,21.828219243937234,22.758598711911358,23.166656310160427,24.85803150259067,25.966639103713188,26.842010961538463,27.664210425531916,28.353586196840826,28.318892408930676,31.348059291428573,31.259253690744924,33.001509554069116,35.848107783902975,39.831814224890834,41.54684829809725,41.63082436,43.67466510659898,46.09604980827447,46.27400782520325,40.34300564,54.39050368217054,57.14662236190476
37580,,,18.73273280649926,19.490984065620545,18.346575969529084,18.947247807486633,20.76511902849741,20.89380015364917,22.55727720512821,27.011435043804752,24.774501251518835,24.641301363102237,27.905028971428568,32.61935097065463,37.075668940914156,32.97170996692392,32.94035162663756,38.652774249471456,42.31951965803108,46.159628243654815,41.327038254288595,41.06272898373983,47.70990925,55.50607532945736,57.18042345714285
37590,,,22.150267341211222,20.327629443651926,21.41034456,22.197719852941173,20.809149054404145,21.93494568501921,23.210180910256412,24.730036846057573,22.568871105710816,22.26391656874266,25.577900434285713,27.566806907449212,28.352792129319955,29.66301045203969,31.59790667030568,32.27444531712474,33.528206,36.06075175634518,36.373758617558025,37.12094565,39.95069625,36.36625642,42.32021732380952
37600,,,13.819693062038404,14.688228330955777,15.426246246537396,15.951800187165777,17.052443393782383,17.32439525,18.15829138461539,19.226853529411763,20.15213893074119,19.20722363102233,18.304491062857142,19.250675214446954,19.866386889632107,20.281501422271223,20.955088176855895,22.557094619450314,24.040907564766837,23.92387961,22.619671190716446,21.452514278455283,20.6863683,23.82247771317829,25.765718219047617
37610,,,14.935282540620383,16.264461740370898,15.995471329639889,17.463067927807487,18.106409948186528,17.91132248399488,23.305480192307694,23.430675093867332,22.161741020656137,23.929148390129264,24.39105835428571,24.689979356659144,27.91105614269788,29.273246923925022,28.39226919213974,30.650701035940806,32.52197156476684,30.832370395939087,31.44901255297679,34.94316529471544,36.95234013,40.75998072674418,40.52101453333333
37620,,,21.93952350073855,27.87373710413695,32.03484588642659,33.154405534759356,34.98050472797927,40.602380320102434,43.18538392307693,44.167038097622026,37.784954386391256,37.873813713278494,41.30529413714285,37.67867145598194,27.328877982162766,30.28899562293274,39.08621286026201,47.00597210359408,49.00173592746114,49.05741735025381,46.60932725529768,45.79874495934959,50.67616389,42.07327167635658,37.507386371428574
37630,,,14.52469632496307,14.56645087018545,17.687189487534624,19.981895106951875,19.717278056994818,25.10572307298336,23.43980558974359,21.895764768460577,17.457384228432566,20.68189254994125,18.514050754285712,17.99459768623025,26.722532329988855,22.38292314222712,25.76553230349345,31.42667712473573,29.804584310880827,29.211811258883248,32.68215813319878,31.67113453252032,30.63137601,38.71116927325581,51.35764042857143
38030,10.57292791029412,12.645446204172876,13.205225189069424,14.386139386590585,14.494379584487534,15.615960040106952,16.10147256476684,16.071565211267608,16.80088973076923,17.38461989,18.211212393681652,18.105573513513516,18.498192994285713,18.840266083521445,19.156590523968784,19.92740582138919,20.94038975,21.77477644820296,23.371765481865282,24.064592680203045,24.535621442986884,25.290384369918698,24.40571566,24.46767890503876,25.60873432380952
38050,12.098100805882353,13.352200438152014,13.937180174298373,16.841428701854493,17.866498961218834,18.77731413101604,19.539263873056992,21.63243635083227,24.55577794871795,27.871982265331667,31.285319586877282,34.35896126909519,28.291034834285714,28.516852979683975,31.240610813823857,31.97130044101433,31.26982229257642,28.050899101479914,28.92721812435233,24.830737025380706,23.08973251261352,23.94602644308943,24.58259609,24.58849805232558,26.75962940952381
38060,13.45994668235294,14.047895348733233,21.142684194977843,20.536581312410842,19.694577257617727,20.786195588235294,22.875151010362696,24.19024896286812,24.615971410256414,27.86809474342929,31.34905263669502,31.854349612220922,30.10936178285714,30.45645887133183,33.96555822742475,34.81791854,33.31689163755459,37.38401410147991,38.11216476683937,36.398478670050764,38.448177810292634,41.94117721544715,39.20067504,40.97963950581396,45.48348121904762
38070,15.035456602941176,16.900122071535023,18.679465745937957,19.87096583452211,20.274955443213294,21.08036938502674,21.679822150259067,23.813741792573623,23.923970435897438,25.222748886107635,24.262868906439856,24.133166592244425,24.112303782857143,25.63410485327314,24.825336209587515,26.89230110253583,27.385006757641925,30.11073876321353,29.808981440414506,29.917434710659897,29.927691806256306,30.084393871951217,28.77274873,28.163801598837207,32.80651420952381
38080,12.324324683823532,15.866001445603578,15.241945140324964,16.176778116975747,17.055794265927975,18.69256419786096,18.372156606217615,19.831133879641488,20.115625512820515,21.404427709637048,20.639557132442285,19.71470113983549,19.156658342857142,21.486211591422123,21.493046332218505,22.289948467475188,24.026588668122272,26.342138879492598,26.36591957512953,27.222956294416242,28.440905953582238,30.431548170731702,30.2650838,30.069207713178294,37.92022092380952
38090,28.550240529411766,27.66269523099851,27.3197047,28.116208202567762,29.690660997229912,31.659794171122996,31.442025310880826,35.83061375160052,39.52787232051282,45.834159461827284,52.14760996354799,49.46159118683902,51.357897005714285,48.90918311512416,53.43545136008918,58.64994144432193,52.03268780567686,45.43883557082452,44.90504623834197,40.63307996954315,36.04447001009082,39.033246443089425,34.92989331,37.00555669573643,36.048300352380956
38100,25.58202013235294,26.656983397913564,27.528072259970454,28.394640356633385,30.296435263157893,30.246904344919788,30.391718523316058,30.767807106274013,31.48102247435898,31.874846207759703,30.38962929526124,29.956854994124566,32.77634877714286,32.115815744920994,33.76936943143813,32.39180155457552,32.16486400655022,34.40919496828752,34.096414207253886,30.945209644670047,31.04816851664985,31.73415840447154,30.64981589,30.06956739341085,30.23134927619047
38111,26.710674955882357,28.08226761549926,31.218212466765134,33.27749460770328,36.88090246537396,37.303004973262034,41.852072849740935,44.06222980793854,47.432534307692315,50.116399486858576,52.92812818955043,52.30527345475912,35.30617046857142,36.13647873589165,36.92225662207358,36.640333704520394,36.22733253275109,36.12161096194503,35.907020601036265,36.021540324873094,37.19709268415742,38.77344477642276,37.3232022,36.79645652131783,43.64760952380952
38112,26.710674955882357,28.08226761549926,31.218212466765134,33.27749460770328,36.88090246537396,37.303004973262034,41.852072849740935,44.06222980793854,47.432534307692315,50.116399486858576,52.92812818955043,52.30527345475912,35.30617046857142,36.13647873589165,36.92225662207358,36.640333704520394,36.22733253275109,36.12161096194503,35.907020601036265,36.021540324873094,37.19709268415742,38.77344477642276,37.3232022,36.79645652131783,43.64760952380952
38113,15.712724279411765,17.74212526080477,18.534224194977842,18.964642325249642,19.00959619113573,18.17516219251337,17.778257292746112,17.14786272727273,17.12428835897436,17.646095331664583,18.917735224787364,18.55455676850764,35.30617046857142,36.13647873589165,36.92225662207358,36.640333704520394,36.22733253275109,36.12161096194503,35.907020601036265,36.021540324873094,37.19709268415742,38.77344477642276,37.3232022,36.79645652131783,43.64760952380952
38114,15.712724279411765,17.74212526080477,18.534224194977842,18.964642325249642,19.00959619113573,18.17516219251337,17.778257292746112,17.14786272727273,17.12428835897436,17.646095331664583,18.917735224787364,18.55455676850764,35.30617046857142,36.13647873589165,36.92225662207358,36.640333704520394,36.22733253275109,36.12161096194503,35.907020601036265,36.021540324873094,37.19709268415742,38.77344477642276,37.3232022,36.79645652131783,43.64760952380952
38115,12.849437604411765,12.497022219076007,13.618014657311669,14.063505001426533,15.900907880886425,16.184983409090908,15.480925518134715,16.62608756722151,18.072621333333334,18.85717942428035,20.278857897934387,19.549031797884844,35.30617046857142,36.13647873589165,36.92225662207358,36.640333704520394,36.22733253275109,36.12161096194503,35.907020601036265,36.021540324873094,37.19709268415742,38.77344477642276,37.3232022,36.79645652131783,43.64760952380952
38510,14.933317647058823,16.906278926974665,17.67838856720827,19.313434208273893,20.008447867036008,19.481065053475938,21.67514485751295,19.98519947503201,20.07964730769231,21.14446403003755,24.476341931956263,23.782425898942424,23.43885873142857,26.124842076749434,27.22286431438127,27.474786670341782,27.889340949781662,30.55232706131078,31.458524062176163,32.56623418274111,34.253596276488395,35.75127541666666,36.42119403,35.89070421511627,42.42537197142857
38520,19.03842905882353,22.563878152011924,24.28784460856721,26.14587514978602,30.006973227146812,28.83857280748663,32.20555787564766,35.77407544174136,35.84219415384616,37.070642628285356,44.737691810449576,42.09037133960047,41.81147457142857,48.56879530474041,51.26385028985507,48.56024220507166,52.612408679039305,52.66675324524313,53.943387979274604,56.384614203045686,57.68388454086781,61.92430485772357,62.31558692,61.55708891472868,68.01130658095238
38530,18.743999514705884,16.633617570789866,17.77221618906942,18.919558730385166,17.45997145429363,18.79128639037433,20.28796493523316,19.879610358514725,20.732639102564104,22.99642885,23.296345747266102,24.72231991774383,26.72726818285714,30.268577505643343,30.94036415830546,31.484169073869896,35.744842609170306,37.69197872093023,38.53731206217616,39.618140690355325,43.214725963673054,45.43293195121951,40.36860736,44.56702005813953,47.537893247619046
38540,23.09776148529412,24.621961564828617,27.02504305760709,28.88284141226819,31.332446038781164,33.49649062834225,32.768184365284974,31.726403815621005,31.411811769230773,31.988569011264083,28.65760633049818,38.386776862514694,35.46675053714285,35.37945239277653,36.63557547380156,39.04601633958103,44.13851946506551,46.84878756871036,44.77910344,41.731841472081214,39.66633344096872,43.73190498983739,44.64286132,42.46836291666666,46.33416020952381
38550,9.894569573529413,9.629538378539493,9.458612220088625,10.791675858773182,11.196547886426591,12.059609072192513,13.94213341968912,12.894107708066583,13.568525833333334,12.648522916145183,14.09816410692588,15.435979118683903,15.463287154285714,16.564066941309257,17.309761962095873,17.440525744211683,16.633478777292577,22.535204778012684,23.37125226943005,24.161285827411163,25.2813168,26.182619126016256,26.4000419,26.967082228682166,26.940522857142856
38560,16.813806132352944,20.32775266766021,21.27942986706056,23.586164935805993,30.32266197,29.822359131016043,27.49968066062176,28.362460038412294,28.82614435897436,29.095855469336673,25.646367764277038,31.71467522914219,31.201388937142855,28.00559785553048,27.14675988851728,29.31297518191841,40.767396517467255,47.43029416490486,49.254143709844556,46.56360116,45.08852239152371,46.73507166666666,48.32021882,43.893883604651165,36.748852
38570,15.105130000000003,16.254262011922506,15.077037193500736,16.956743038516407,17.10030253462604,18.129255855614975,18.331221373056994,17.578617272727275,18.541982653846155,18.50797862,20.817919623329285,21.51464185663925,18.829309177142857,19.09556103837472,20.965363957636566,23.065199955898564,24.23582613537118,27.119582050739957,27.133161108808284,27.454413898477156,29.142371463168512,30.30671619918699,31.44361247,30.88157989341085,33.45687304761905
38580,10.30755688382353,12.14582855290611,12.127325319054652,14.001102607703281,15.135135872576177,16.714272045454546,15.137652007772019,15.563767938540334,18.174068935897438,18.278489524405508,20.41665253948967,21.479778601645126,19.488437097142857,22.188199683972915,20.46735558528428,23.478854410143327,21.339071823144106,23.87144741014799,24.515351999999996,25.116460659898475,25.521497497477295,26.95175177845528,26.94851586,27.370097877906975,30.486192142857146
38590,11.43761341029412,12.433399192250373,11.65561210044313,14.206648360912983,15.518351759002767,17.148990147058825,17.08508062176166,18.040149308578748,17.95693173076923,18.51410450563204,20.46241831105711,21.64890829612221,22.271867588571425,25.037551376975173,26.252361806020065,29.217318224917303,30.714925534934498,24.26471650105708,24.653270093264247,24.58157190862944,25.561136609485366,26.145862388211377,26.80977854,26.10532356589147,29.4523498
38600,13.769615080882355,15.253990983606558,14.872209512555388,15.555464978601998,15.079726675900277,14.83703661764706,15.551038316062174,15.78713805377721,16.677050294871794,16.309430976220273,15.849953948967196,16.211555616921274,16.66756216,18.96732794582393,18.76220987736901,18.854173902976843,19.818167620087337,23.24432789640592,22.513474455958548,23.448709360406088,24.625365549949546,25.31178890243902,26.16531837,26.70852731589147,33.11676395238095
39010,,,,,,,,,3.2821998692307695,3.145949854818523,3.015493965978129,2.854925701527615,2.7011044605714285,2.541372648984199,2.6122176432552955,2.5700696934950384,2.709759260917031,2.699868994714588,2.6545552746113987,2.401575943147208,2.5360029677093845,2.7712387662601623,2.701329446,2.583728078488372,2.7508112133333333
39020,,,,,,,,,18.82229566666667,20.232646145181477,20.13171001215067,21.70725794359577,23.14087947428571,25.48060793453725,28.55729701,29.68944016538037,29.96035896,30.63736818181818,31.86323586528497,33.78879830456853,31.775961301715437,30.497386321138208,29.09195308,29.049623963178295,32.188749466666664